{
  "prompt": "Analyze the following machine learning prediction data and SHAP values and return the explanation for the prediction:\n\n--- SHAP DATA START ---\n{\n  \"dataset\": \"unified_exoplanets_final_imputed.csv\",\n  \"model\": \"stacking ensemble (RF+GB+SVM+LR) with feature selection + scaling\",\n  \"prediction\": {\n    \"label\": 0,\n    \"probability\": 0.03146702288316962\n  },\n  \"quantitative_shap_top\": [\n    {\n      \"feature\": \"transit_duration_hours\",\n      \"shap_value\": -0.10714062261336608,\n      \"abs_shap\": 0.10714062261336608,\n      \"pct_contrib\": 36.567906275799274,\n      \"value\": 2.1\n    },\n    {\n      \"feature\": \"transit_epoch_bjd\",\n      \"shap_value\": 0.10714062261336596,\n      \"abs_shap\": 0.10714062261336596,\n      \"pct_contrib\": 36.56790627579923,\n      \"value\": 2457000.12345\n    },\n    {\n      \"feature\": \"stellar_logg\",\n      \"shap_value\": 0.023205192681232334,\n      \"abs_shap\": 0.023205192681232334,\n      \"pct_contrib\": 7.920108082079656,\n      \"value\": 4.38\n    },\n    {\n      \"feature\": \"stellar_mass_msun\",\n      \"shap_value\": -0.023205192681232244,\n      \"abs_shap\": 0.023205192681232244,\n      \"pct_contrib\": 7.920108082079626,\n      \"value\": 1.02\n    },\n    {\n      \"feature\": \"acc_grav_stellar_surface\",\n      \"shap_value\": 0.006955140344029949,\n      \"abs_shap\": 0.006955140344029949,\n      \"pct_contrib\": 2.3738420967864386,\n      \"value\": NaN\n    },\n    {\n      \"feature\": \"ra\",\n      \"shap_value\": -0.006955140344029943,\n      \"abs_shap\": 0.006955140344029943,\n      \"pct_contrib\": 2.3738420967864364,\n      \"value\": 299.123\n    },\n    {\n      \"feature\": \"stellar_teff_k\",\n      \"shap_value\": 0.0039437589379055175,\n      \"abs_shap\": 0.0039437589379055175,\n      \"pct_contrib\": 1.3460348063880248,\n      \"value\": 5700.0\n    },\n    {\n      \"feature\": \"impact_parameter\",\n      \"shap_value\": -0.003943758937905468,\n      \"abs_shap\": 0.003943758937905468,\n      \"pct_contrib\": 1.3460348063880079,\n      \"value\": 0.45\n    }\n  ],\n  \"summary_stats\": {\n    \"prediction\": {\n      \"label\": 0,\n      \"probability\": 0.03146702288316962\n    },\n    \"num_reported_features\": 8,\n    \"total_abs_shap\": 0.2929908587199372,\n    \"positive_shap_sum\": 0.14649542935996857,\n    \"negative_shap_sum\": -0.14649542935996865\n  }\n}\n--- SHAP DATA END ---\n\nYou are a senior ML engineer. Given the quantitative SHAP analysis (JSON) and the sample feature values, produce a concise technical explanation (5-8 bullet points) describing why the model produced the prediction, include likely causes, model confidence caveats, and 3 concrete suggestions to validate or improve model reliability. Reference the top contributing features and their directional effects. Keep the explanation technical and targeted to a data-science audience.",
  "structured": {
    "dataset": "unified_exoplanets_final_imputed.csv",
    "model": "stacking ensemble (RF+GB+SVM+LR) with feature selection + scaling",
    "prediction": {
      "label": 0,
      "probability": 0.03146702288316962
    },
    "quantitative_shap_top": [
      {
        "feature": "transit_duration_hours",
        "shap_value": -0.10714062261336608,
        "abs_shap": 0.10714062261336608,
        "pct_contrib": 36.567906275799274,
        "value": 2.1
      },
      {
        "feature": "transit_epoch_bjd",
        "shap_value": 0.10714062261336596,
        "abs_shap": 0.10714062261336596,
        "pct_contrib": 36.56790627579923,
        "value": 2457000.12345
      },
      {
        "feature": "stellar_logg",
        "shap_value": 0.023205192681232334,
        "abs_shap": 0.023205192681232334,
        "pct_contrib": 7.920108082079656,
        "value": 4.38
      },
      {
        "feature": "stellar_mass_msun",
        "shap_value": -0.023205192681232244,
        "abs_shap": 0.023205192681232244,
        "pct_contrib": 7.920108082079626,
        "value": 1.02
      },
      {
        "feature": "acc_grav_stellar_surface",
        "shap_value": 0.006955140344029949,
        "abs_shap": 0.006955140344029949,
        "pct_contrib": 2.3738420967864386,
        "value": NaN
      },
      {
        "feature": "ra",
        "shap_value": -0.006955140344029943,
        "abs_shap": 0.006955140344029943,
        "pct_contrib": 2.3738420967864364,
        "value": 299.123
      },
      {
        "feature": "stellar_teff_k",
        "shap_value": 0.0039437589379055175,
        "abs_shap": 0.0039437589379055175,
        "pct_contrib": 1.3460348063880248,
        "value": 5700.0
      },
      {
        "feature": "impact_parameter",
        "shap_value": -0.003943758937905468,
        "abs_shap": 0.003943758937905468,
        "pct_contrib": 1.3460348063880079,
        "value": 0.45
      }
    ],
    "summary_stats": {
      "prediction": {
        "label": 0,
        "probability": 0.03146702288316962
      },
      "num_reported_features": 8,
      "total_abs_shap": 0.2929908587199372,
      "positive_shap_sum": 0.14649542935996857,
      "negative_shap_sum": -0.14649542935996865
    }
  }
}